motivo_remocao,id_anuncio,titulo,url,categoria_olx,tipo_detalhado,tipo_url,data_anuncio_olx,data_coleta,preco_venda,area_m2,preco_m2,cidade,bairro,tipo_imovel,subtipo_imovel,quartos,banheiros,vagas,qtd_imagens,idade_anuncio_dias,tem_suite,tem_piscina,tem_varanda,tem_lazer,tem_mobiliado,tem_elevador,area_suspeita,preco_suspeito,preco_m2_suspeito,preco_m2_suspeito_original
preco_m2_suspeito,1513729165,Apartamento em Itaciba..ótima localização,https://es.olx.com.br/norte-do-espirito-santo/imoveis/apartamento-em-itaciba-otima-localizacao-1513729165,Apartamentos,Venda - apartamento cobertura,apartamento,2026-06-27T10:43:31,2026-07-06T22:24:32,100000,160,625.0,Cariacica,Itacibá,apartamento,apartamento_cobertura,2,1,0,14,9,False,False,True,False,False,False,False,False,True,True
preco_m2_suspeito,1432062029,Vendo Prédio residencial com 10 apartamento e 2 pontos comercial !!!,https://es.olx.com.br/norte-do-espirito-santo/imoveis/vendo-predio-residencial-com-10-apartamento-e-2-pontos-comercial-1432062029,Apartamentos,Venda - apartamento padrão,apartamento,2026-07-06T10:42:09,2026-07-06T22:24:32,1500000,1000,1500.0,Cariacica,Itaquari,apartamento,apartamento_padrao,3,2,2,6,0,False,False,True,False,False,False,False,False,True,False
preco_m2_suspeito,1432784467,Vendo apartamento ou troco em caminhão  ou automóvel,https://es.olx.com.br/norte-do-espirito-santo/imoveis/vendo-apartamento-ou-troco-em-caminhao-ou-automovel-1432784467,Apartamentos,Venda - apartamento padrão,apartamento,2026-06-26T10:07:48,2026-07-06T22:24:32,130000,120,1083.33,Cariacica,Jardim de Alah,apartamento,apartamento_padrao,2,1,0,8,10,False,False,False,False,False,False,False,False,True,False
preco_m2_suspeito,1353988068,Imóvel para venda possui 55 metros quadrados com 2 quartos em Padre Gabriel - Cariacica -,https://es.olx.com.br/norte-do-espirito-santo/imoveis/imovel-para-venda-possui-55-metros-quadrados-com-2-quartos-em-padre-gabriel-cariacica-1353988068,Apartamentos,Venda - apartamento padrão,apartamento,2024-11-12T13:20:08,2026-07-06T22:26:06,60000,55,1090.91,Cariacica,Padre Gabriel,apartamento,apartamento_padrao,2,1,1,17,601,False,False,False,True,False,False,False,False,True,False
preco_m2_suspeito,1508897508,Casa 2° andar a venda,https://es.olx.com.br/norte-do-espirito-santo/imoveis/casa-2-andar-a-venda-1508897508,Apartamentos,Venda - apartamento padrão,apartamento,2026-06-08T19:53:07,2026-07-06T22:24:50,250000,169,1479.29,Cariacica,Parque Gramado,apartamento,apartamento_padrao,3,3,0,4,28,False,False,True,False,False,False,False,False,True,False
preco_m2_suspeito,1510261756,"Vendo apartamento no quatro andar, cobertura com ótima localização",https://es.olx.com.br/norte-do-espirito-santo/imoveis/vendo-apartamento-no-quatro-andar-cobertura-com-otima-localizacao-1510261756,Apartamentos,Venda - apartamento cobertura,apartamento,2026-06-13T17:37:17,2026-07-06T22:24:50,150000,100,1500.0,Cariacica,Rio Marinho,apartamento,apartamento_cobertura,1,1,1,9,23,False,False,True,False,False,False,False,False,True,False
preco_m2_suspeito,1513642292,Prédio com 6 apartamentos mais 1 sobrado muito barato,https://es.olx.com.br/norte-do-espirito-santo/imoveis/predio-com-6-apartamentos-mais-1-sobrado-muito-barato-1513642292,Apartamentos,Venda - apartamento padrão,apartamento,2026-06-26T21:30:43,2026-07-06T22:24:32,590000,700,842.86,Cariacica,Rosa da Penha,apartamento,apartamento_padrao,5,5,0,17,10,False,False,False,False,False,False,False,False,True,True
preco_m2_suspeito,1270572965,"Aceita sitio como parte de pagamento. Imóvel para venda tem 200m2 , AP 3 quartos e lazer,",https://es.olx.com.br/norte-do-espirito-santo/imoveis/aceita-sitio-como-parte-de-pagamento-imovel-para-venda-tem-200m2-ap-3-quartos-e-lazer-1270572965,Apartamentos,Venda - apartamento padrão,apartamento,2024-01-15T22:32:14,2026-07-06T22:26:06,350000,300,1166.67,Cariacica,Santana,apartamento,apartamento_padrao,3,3,2,20,902,False,False,False,True,False,False,False,False,True,False
preco_m2_suspeito,1026259190,Predio em faze de acabamentos c/ mão de obra pagas !,https://es.olx.com.br/norte-do-espirito-santo/imoveis/predio-em-faze-de-acabamentos-c-mao-de-obra-pagas-1026259190,Apartamentos,Venda - apartamento padrão,apartamento,2022-04-29T01:57:43,2026-07-06T22:26:06,2650000,60,44166.67,Cariacica,São Conrado,apartamento,apartamento_padrao,2,2,5,20,1529,False,False,False,False,False,False,False,False,True,False
preco_m2_suspeito,1514864413,"APARTAMENTO RESIDENCIAL em CARIACICA - ES, VASCO DA GAMA",https://es.olx.com.br/norte-do-espirito-santo/imoveis/apartamento-residencial-em-cariacica-es-vasco-da-gama-1514864413,Apartamentos,Venda - apartamento padrão,apartamento,2026-07-02T01:02:23,2026-07-06T22:24:32,218500,156,1400.64,Cariacica,Vasco da Gama,apartamento,apartamento_padrao,3,2,1,7,4,False,False,False,False,False,False,False,False,True,False
preco_m2_suspeito,1418152806,Venda casa 2 quartos + lote em Alto Lage,https://es.olx.com.br/norte-do-espirito-santo/imoveis/venda-casa-2-quartos-lote-em-alto-lage-1418152806,Casas,Venda - casa em rua pública,casa,2026-07-06T12:20:44,2026-07-06T22:28:30,180000,270,666.67,Cariacica,Alto Lage,casa,casa_rua_publica,2,1,0,11,0,False,False,False,False,False,False,False,False,True,True
preco_m2_suspeito,1511750225,Vendo casa ! A vista apenas,https://es.olx.com.br/norte-do-espirito-santo/imoveis/vendo-casa-a-vista-apenas-1511750225,Casas,Venda - casa em rua pública,casa,2026-06-19T08:43:18,2026-07-06T22:29:20,199000,350,568.57,Cariacica,Aparecida,casa,casa_rua_publica,3,2,,9,17,False,False,False,False,False,False,False,False,True,True
preco_m2_suspeito,1503266437,Vendo casa no Segundo Andar,https://es.olx.com.br/norte-do-espirito-santo/imoveis/vendo-casa-no-segundo-andar-1503266437,Casas,Venda - casa em rua pública,casa,2026-05-19T07:11:14,2026-07-06T22:33:11,100000,150,666.67,Cariacica,Bela Vista,casa,casa_rua_publica,3,2,0,15,48,False,False,False,False,False,False,False,False,True,True
preco_m2_suspeito,1504847534,Oportunidade casa com terreno,https://es.olx.com.br/norte-do-espirito-santo/imoveis/oportunidade-casa-com-terreno-1504847534,Casas,Venda - casa em rua pública,casa,2026-05-25T12:41:57,2026-07-06T22:32:06,240000,400,600.0,Cariacica,Boa Sorte,casa,casa_rua_publica,2,2,2,8,42,False,False,False,False,False,False,False,False,True,True
preco_m2_suspeito,1500139267,Sim,https://es.olx.com.br/norte-do-espirito-santo/imoveis/sim-1500139267,Casas,Venda - casa em rua pública,casa,2026-05-07T14:47:29,2026-07-06T22:34:15,170000,300,566.67,Cariacica,Campina Grande,casa,casa_rua_publica,4,1,0,6,60,False,False,False,False,False,False,False,False,True,True
preco_m2_suspeito,1510500629,Vendo casa com quintal 60 mil divisa de viana com cariacica,https://es.olx.com.br/norte-do-espirito-santo/imoveis/vendo-casa-com-quintal-60-mil-divisa-de-viana-com-cariacica-1510500629,Casas,Venda - casa em rua pública,casa,2026-06-14T20:47:10,2026-07-06T22:30:03,60000,132,454.55,Cariacica,Campo Grande,casa,casa_rua_publica,2,1,0,3,22,False,False,True,False,False,False,False,False,True,True
preco_m2_suspeito,1502730370,Vendo ou troco casa a reformar,https://es.olx.com.br/norte-do-espirito-santo/imoveis/vendo-ou-troco-casa-a-reformar-1502730370,Casas,Venda - casa em rua pública,casa,2026-05-17T08:52:30,2026-07-06T22:33:26,100000,300,333.33,Cariacica,Campo Verde,casa,casa_rua_publica,3,1,0,4,50,False,False,True,False,False,False,False,False,True,True
preco_m2_suspeito,1476429400,VENDO CASA URGENTE EM CARIACICA SEDE,https://es.olx.com.br/norte-do-espirito-santo/imoveis/vendo-casa-urgente-em-cariacica-sede-1476429400,Casas,Venda - casa em rua pública,casa,2026-06-17T10:54:15,2026-07-06T22:29:35,130000,230,565.22,Cariacica,Cariacica Sede,casa,casa_rua_publica,3,1,2,6,19,False,False,True,False,False,False,False,False,True,True
preco_m2_suspeito,1514732515,VENDO CASA EM CARIACICA SEDE,https://es.olx.com.br/norte-do-espirito-santo/imoveis/vendo-casa-em-cariacica-sede-1514732515,Casas,Venda - casa em rua pública,casa,2026-07-01T16:27:04,2026-07-06T22:28:43,133000,200,665.0,Cariacica,Cariacica Sede,casa,casa_rua_publica,3,1,2,6,5,False,False,True,False,False,False,False,False,True,True
preco_m2_suspeito,1476428331,VENDO CASA EM CARIACICA SEDE,https://es.olx.com.br/norte-do-espirito-santo/imoveis/vendo-casa-em-cariacica-sede-1476428331,Casas,Venda - casa em rua pública,casa,2026-06-17T10:55:01,2026-07-06T22:29:35,135000,200,675.0,Cariacica,Cariacica Sede,casa,casa_rua_publica,3,1,1,5,19,False,False,True,False,False,False,False,False,True,True
preco_m2_suspeito,1514118458,Vendo Mine Chácara  em Cariacica Sede,https://es.olx.com.br/norte-do-espirito-santo/imoveis/vendo-mine-chacara-em-cariacica-sede-1514118458,Casas,Venda - casa em rua pública,casa,2026-06-29T10:59:02,2026-07-06T22:28:43,156000,860,181.4,Cariacica,Cariacica Sede,casa,casa_rua_publica,3,1,1,16,7,False,False,True,False,False,False,False,False,True,True
preco_m2_suspeito,1467897796,CASA A VENDA EM CARIACICA SEDE,https://es.olx.com.br/norte-do-espirito-santo/imoveis/casa-a-venda-em-cariacica-sede-1467897796,Casas,Venda - casa em rua pública,casa,2026-05-14T17:28:43,2026-07-06T22:33:42,165000,260,634.62,Cariacica,Cariacica Sede,casa,casa_rua_publica,3,2,2,7,53,False,False,True,False,False,False,False,False,True,True
preco_m2_suspeito,1505208325,CASA A VENDA EM FLEXAL 1,https://es.olx.com.br/norte-do-espirito-santo/imoveis/casa-a-venda-em-flexal-1-1505208325,Casas,Venda - casa em rua pública,casa,2026-05-26T16:56:17,2026-07-06T22:31:54,110000,200,550.0,Cariacica,Flexal I,casa,casa_rua_publica,3,1,1,6,41,False,False,True,False,False,False,False,False,True,True
preco_m2_suspeito,1476434097,"VENDAA URGENTE , CASA EM FLEXAL CARIACICA",https://es.olx.com.br/norte-do-espirito-santo/imoveis/vendaa-urgente-casa-em-flexal-cariacica-1476434097,Casas,Venda - casa em rua pública,casa,2026-06-17T10:43:19,2026-07-06T22:29:35,115000,200,575.0,Cariacica,Flexal I,casa,casa_rua_publica,2,1,1,5,19,False,False,True,False,False,False,False,False,True,True
preco_m2_suspeito,1514752856,VENDO CASA EM FLEXAL 1,https://es.olx.com.br/norte-do-espirito-santo/imoveis/vendo-casa-em-flexal-1-1514752856,Casas,Venda - casa em rua pública,casa,2026-07-01T17:44:06,2026-07-06T22:28:43,153000,230,665.22,Cariacica,Flexal I,casa,casa_rua_publica,2,1,,7,5,False,False,True,False,False,False,False,False,True,True
preco_m2_suspeito,1502475657,Vende-se está casa,https://es.olx.com.br/norte-do-espirito-santo/imoveis/vende-se-esta-casa-1502475657,Casas,Venda - casa em rua pública,casa,2026-05-15T23:35:00,2026-07-06T22:33:26,250000,675,370.37,Cariacica,Flexal II,casa,casa_rua_publica,3,4,,16,51,False,False,False,False,False,False,False,False,True,True
preco_m2_suspeito,1504934716,CASA A VENDA EM CARIACICA SEDE,https://es.olx.com.br/norte-do-espirito-santo/imoveis/casa-a-venda-em-cariacica-sede-1504934716,Casas,Venda - casa em rua pública,casa,2026-05-25T17:51:45,2026-07-06T22:31:54,155000,230,673.91,Cariacica,Ibiapaba,casa,casa_rua_publica,3,1,2,6,42,False,False,True,False,False,False,False,False,True,True
preco_m2_suspeito,1421763837,Casa nas montanhas de Marechal Floriano,https://es.olx.com.br/norte-do-espirito-santo/imoveis/casa-nas-montanhas-de-marechal-floriano-1421763837,Casas,Venda - casa em rua pública,casa,2026-07-03T14:47:05,2026-07-06T22:28:30,280000,440,636.36,Cariacica,Itacibá,casa,casa_rua_publica,2,1,1,20,3,False,False,False,False,True,False,False,False,True,True
preco_m2_suspeito,1505252699,Imperdível,https://es.olx.com.br/norte-do-espirito-santo/imoveis/imperdivel-1505252699,Casas,Venda - casa em vila,casa,2026-05-26T20:03:01,2026-07-06T22:31:54,135000,330,409.09,Cariacica,Jardim Campo Grande,casa,casa,2,1,1,5,41,False,False,True,False,False,False,False,False,True,True
preco_m2_suspeito,1510682533,Vendo Casa Com Terreno em Jardim Campo Grande Cariacica E.S.,https://es.olx.com.br/norte-do-espirito-santo/imoveis/vendo-casa-com-terreno-em-jardim-campo-grande-cariacica-e-s-1510682533,Casas,Venda - casa em vila,casa,2026-06-15T14:44:13,2026-07-06T22:30:03,160000,300,533.33,Cariacica,Jardim Campo Grande,casa,casa,2,1,,3,21,False,False,False,False,False,False,False,False,True,True
preco_m2_suspeito,1476598094,VENDO CASA EM MARACANA CARIACICA,https://es.olx.com.br/norte-do-espirito-santo/imoveis/vendo-casa-em-maracana-cariacica-1476598094,Casas,Venda - casa em rua pública,casa,2026-06-17T09:18:04,2026-07-06T22:29:49,135000,200,675.0,Cariacica,Maracanã,casa,casa_rua_publica,3,1,2,7,19,False,False,True,False,False,False,False,False,True,True
preco_m2_suspeito,1515717806,2 casas novas,https://es.olx.com.br/norte-do-espirito-santo/imoveis/2-casas-novas-1515717806,Casas,Venda - casa em vila,casa,2026-07-05T13:17:09,2026-07-06T22:28:30,300000,1000,300.0,Cariacica,Nova Valverde,casa,casa,3,1,1,1,1,False,False,False,False,False,False,False,False,True,True
preco_m2_suspeito,1511760737,CASA SEMI PRONTA,https://es.olx.com.br/norte-do-espirito-santo/imoveis/casa-semi-pronta-1511760737,Casas,Venda - casa em rua pública,casa,2026-06-19T09:40:31,2026-07-06T22:29:20,130000,296,439.19,Cariacica,Novo Horizonte,casa,casa_rua_publica,2,1,1,8,17,False,False,False,False,False,False,False,False,True,True
preco_m2_suspeito,1476630350,VENDO CASA EM ORIENTE CARIACICA,https://es.olx.com.br/norte-do-espirito-santo/imoveis/vendo-casa-em-oriente-cariacica-1476630350,Casas,Venda - casa em rua pública,casa,2026-06-16T15:25:22,2026-07-06T22:29:49,152000,230,660.87,Cariacica,Oriente,casa,casa_rua_publica,2,1,2,5,20,False,False,True,False,False,False,False,False,True,True
preco_m2_suspeito,1514796117,Vende-se uma casa impecável em ótimo estado motivo de venda saída do país,https://es.olx.com.br/norte-do-espirito-santo/imoveis/vende-se-uma-casa-impecavel-em-otimo-estado-motivo-de-venda-saida-do-pais-1514796117,Casas,Venda - casa em rua pública,casa,2026-07-01T20:04:07,2026-07-06T22:28:43,160000,270,592.59,Cariacica,Padre Gabriel,casa,casa_rua_publica,1,1,1,7,5,False,False,True,False,False,False,False,False,True,True
preco_m2_suspeito,1501115340,"Casa com 3 cômodos ,Terreno frutífero., bem localizado.",https://es.olx.com.br/norte-do-espirito-santo/imoveis/casa-com-3-comodos-terreno-frutifero-bem-localizado-1501115340,Casas,Venda - casa em rua pública,casa,2026-05-11T14:16:35,2026-07-06T22:34:15,110000,330,333.33,Cariacica,Porto de Cariacica,casa,casa_rua_publica,1,1,0,14,56,False,False,False,False,False,False,False,False,True,True
preco_m2_suspeito,1481350072,"Casa com Quintal Grande, Porto de Santana, próximo a Praça, padaria escola e supermercado.",https://es.olx.com.br/norte-do-espirito-santo/imoveis/casa-com-quintal-grande-porto-de-santana-proximo-a-praca-padaria-escola-e-supermercado-1481350072,Casas,Venda - casa em rua pública,casa,2026-05-22T21:40:46,2026-07-06T22:32:06,150000,242,619.83,Cariacica,Porto de Santana,casa,casa_rua_publica,2,1,0,3,45,False,False,False,False,False,False,False,False,True,True
preco_m2_suspeito,1476636329,CASA A VENDA EM PORTO DE SANTANA,https://es.olx.com.br/norte-do-espirito-santo/imoveis/casa-a-venda-em-porto-de-santana-1476636329,Casas,Venda - casa em rua pública,casa,2026-06-17T09:02:28,2026-07-06T22:29:49,173000,260,665.38,Cariacica,Porto de Santana,casa,casa_rua_publica,2,1,2,5,19,False,False,True,False,False,False,False,False,True,True
preco_m2_suspeito,1512755270,Vendo mini chácara 180k tbm tem conversa,https://es.olx.com.br/norte-do-espirito-santo/imoveis/vendo-mini-chacara-180k-tbm-tem-conversa-1512755270,Casas,Venda - casa em rua pública,casa,2026-06-23T14:20:15,2026-07-06T22:29:02,180000,600,300.0,Cariacica,Santa Bárbara,casa,casa_rua_publica,2,1,,8,13,False,False,False,False,False,False,False,False,True,True
preco_m2_suspeito,1502057992,Vendo casa no Prolar,https://es.olx.com.br/norte-do-espirito-santo/imoveis/vendo-casa-no-prolar-1502057992,Casas,Venda - casa em rua pública,casa,2026-05-14T14:30:35,2026-07-06T22:33:42,150000,250,600.0,Cariacica,Santa Luzia,casa,casa_rua_publica,1,1,2,13,53,False,False,False,False,False,False,False,False,True,True
preco_m2_suspeito,1511260428,"- Venda imediata , NÃO TROCO. NEM PEGO CARRO NO NEGOCIO",https://es.olx.com.br/norte-do-espirito-santo/imoveis/venda-imediata-nao-troco-nem-pego-carro-no-negocio-1511260428,Casas,Venda - casa em rua pública,casa,2026-06-17T14:11:00,2026-07-06T22:29:35,40000,185,216.22,Cariacica,Santana,casa,casa_rua_publica,3,1,1,11,19,False,False,True,False,False,False,False,False,True,True
preco_m2_suspeito,1513204846,.Vendo casinha Simples ótima localização Itaciba Cariacica,https://es.olx.com.br/norte-do-espirito-santo/imoveis/vendo-casinha-simples-otima-localizacao-itaciba-cariacica-1513204846,Casas,Venda - casa em rua pública,casa,2026-06-25T09:45:50,2026-07-06T22:29:02,65000,108,601.85,Cariacica,Tucum,casa,casa_rua_publica,2,1,0,13,11,False,False,True,False,False,False,False,False,True,True
preco_m2_suspeito,1502730802,Casa,https://es.olx.com.br/norte-do-espirito-santo/imoveis/casa-1502730802,Casas,Venda - casa em rua pública,casa,2026-05-17T08:55:58,2026-07-06T22:33:26,120000,200,600.0,Cariacica,Vale dos Reis,casa,casa_rua_publica,1,1,1,9,50,False,False,True,False,False,False,False,False,True,True
preco_m2_suspeito,1505124801,Vendo um lote com uma kitnet construída,https://es.olx.com.br/norte-do-espirito-santo/imoveis/vendo-um-lote-com-uma-kitnet-construida-1505124801,Casas,Venda - casa em rua pública,casa,2026-05-26T11:52:22,2026-07-06T22:31:54,135000,280,482.14,Cariacica,Vista Linda,casa,casa_rua_publica,1,1,0,6,41,False,False,False,False,False,False,False,False,True,True
preco_m2_suspeito,1261517187,Lotes a 200m do mar Praia Grande ES,https://es.olx.com.br/norte-do-espirito-santo/imoveis/lotes-a-200m-do-mar-praia-grande-es-1261517187,Apartamentos,Venda - apartamento padrão,apartamento,2023-12-12T19:54:42,2026-07-06T22:14:49,75000,240,312.5,Fundão,Praia Grande,apartamento,apartamento_padrao,1,1,5,4,937,False,False,False,False,False,False,False,False,True,True
preco_m2_suspeito,1466644908,casa com quintal em Enseada das Garças - Fundão,https://es.olx.com.br/norte-do-espirito-santo/imoveis/casa-com-quintal-em-enseada-das-garcas-fundao-1466644908,Casas,Venda - casa em rua pública,casa,2026-01-05T14:13:46,2026-07-06T22:15:59,200000,360,555.56,Fundão,Praia Grande,casa,casa_rua_publica,4,2,5,15,182,False,False,False,False,False,False,False,False,True,True
preco_m2_suspeito,1301099164,Casa nova ou lote Pé na areia,https://es.olx.com.br/norte-do-espirito-santo/imoveis/casa-nova-ou-lote-pe-na-areia-1301099164,Casas,Venda - casa em rua pública,casa,2024-05-02T11:18:19,2026-07-06T22:16:15,450000,1000,450.0,Fundão,Praia Grande,casa,casa_rua_publica,3,1,5,20,795,False,False,False,False,False,False,False,False,True,True
preco_m2_suspeito,1422925153,"Área de Festa à Venda  Gramuté, Praia Grande  Fundão",https://es.olx.com.br/norte-do-espirito-santo/imoveis/area-de-festa-a-venda-gramute-praia-grande-fundao-1422925153,Casas,Venda - casa em rua pública,casa,2025-07-24T14:52:00,2026-07-06T22:15:59,550000,900,611.11,Fundão,Praia Grande,casa,casa_rua_publica,1,2,5,7,347,False,False,False,False,False,False,False,False,True,True
preco_m2_suspeito,1451626352,Casa à venda em Guarapari - Condados,https://es.olx.com.br/norte-do-espirito-santo/imoveis/casa-a-venda-em-guarapari-condados-1451626352,Apartamentos,Venda - apartamento padrão,apartamento,2026-05-29T19:04:03,2026-07-06T23:21:08,400000,268,1492.54,Guarapari,Condados,apartamento,apartamento_padrao,2,2,1,18,38,False,False,False,False,False,False,False,False,True,False
preco_m2_suspeito,1491849871,Casa à venda no Portal Clube em Guarapari-ES,https://es.olx.com.br/norte-do-espirito-santo/imoveis/casa-a-venda-no-portal-clube-em-guarapari-es-1491849871,Apartamentos,Venda - apartamento padrão,apartamento,2026-06-15T23:03:52,2026-07-06T23:19:45,400000,350,1142.86,Guarapari,Portal,apartamento,apartamento_padrao,3,2,2,8,21,False,False,True,True,True,False,False,False,True,False
preco_m2_suspeito,1498343151,COBERTURA - 3 dormitórios - PRAIA DO MORRO - Guarapari,https://es.olx.com.br/norte-do-espirito-santo/imoveis/cobertura-3-dormitorios-praia-do-morro-guarapari-1498343151,Apartamentos,Venda - apartamento cobertura,apartamento,2026-04-30T20:42:42,2026-07-06T23:26:24,753749,12,62812.42,Guarapari,Praia do Morro,apartamento,apartamento_cobertura,3,1,1,20,67,False,False,False,False,True,False,False,False,True,True
preco_m2_suspeito,1282975795,Casa para venda possui 432 metros quadrados com 6 quartos em Aeroporto - Guarapari - ES,https://es.olx.com.br/norte-do-espirito-santo/imoveis/casa-para-venda-possui-432-metros-quadrados-com-6-quartos-em-aeroporto-guarapari-es-1282975795,Casas,Venda - casa em rua pública,casa,2024-02-27T13:31:29,2026-07-06T23:11:42,15000000,432,34722.22,Guarapari,Aeroporto,casa,casa_rua_publica,5,5,4,18,860,False,False,False,False,False,False,False,False,True,False
preco_m2_suspeito,1512680710,Lote,https://es.olx.com.br/norte-do-espirito-santo/imoveis/lote-1512680710,Casas,Venda - casa em rua pública,casa,2026-06-25T20:37:44,2026-07-06T23:06:23,50000,104,480.77,Guarapari,Camurugi,casa,casa_rua_publica,1,1,1,4,11,False,False,False,False,False,False,False,False,True,True
preco_m2_suspeito,1449629354,Casa dupléx à venda no Canal em Guarapari -ES.,https://es.olx.com.br/norte-do-espirito-santo/imoveis/casa-duplex-a-venda-no-canal-em-guarapari-es-1449629354,Casas,Venda - casa em rua pública,casa,2025-10-31T16:40:11,2026-07-06T23:09:09,20000000,600,33333.33,Guarapari,Centro,casa,casa_rua_publica,5,5,4,20,248,False,False,False,False,False,False,False,False,True,False
preco_m2_suspeito,1439127595,CHÁCARA/SÍTIO - 18 dormitórios - JABOTI - Guarapari,https://es.olx.com.br/norte-do-espirito-santo/imoveis/chacara-sitio-18-dormitorios-jaboti-guarapari-1439127595,Casas,Venda - casa em rua pública,casa,2025-09-22T18:28:55,2026-07-06T23:09:54,1999949,40,49998.72,Guarapari,Comunidade Urbana de Jaboti,casa,casa_rua_publica,5,5,5,20,287,False,True,False,False,False,False,False,False,True,False
preco_m2_suspeito,1511819887,Vende-se uma casa valor 200 mil reais,https://es.olx.com.br/norte-do-espirito-santo/imoveis/vende-se-uma-casa-valor-200-mil-reais-1511819887,Casas,Venda - casa em vila,casa,2026-06-19T14:12:49,2026-07-06T23:06:23,200000,300,666.67,Guarapari,Comunidade Urbana de Rio Grande,casa,casa,2,1,1,10,17,False,False,True,False,False,False,False,False,True,True
preco_m2_suspeito,1505029969,Casa em ponto de laje,https://es.olx.com.br/norte-do-espirito-santo/imoveis/casa-em-ponto-de-laje-1505029969,Casas,Venda - casa em rua pública,casa,2026-05-26T01:06:31,2026-07-06T23:07:14,130000,441,294.78,Guarapari,Coroado,casa,casa_rua_publica,2,1,2,5,41,False,False,True,False,False,False,False,False,True,True
preco_m2_suspeito,1488969617,"Casa à venda em Guarapari-ES, Bairro Ipiranga: 3 quartos, 1 suíte, sala, 2 banheiros, 3 va",https://es.olx.com.br/norte-do-espirito-santo/imoveis/casa-a-venda-em-guarapari-es-bairro-ipiranga-3-quartos-1-suite-sala-2-banheiros-3-va-1488969617,Casas,Venda - casa em rua pública,casa,2026-03-26T03:14:50,2026-07-06T23:08:00,700000,12,58333.33,Guarapari,Ipiranga,casa,casa_rua_publica,3,2,3,20,102,True,False,True,False,False,False,False,False,True,True
preco_m2_suspeito,1403179567,"Oportunidade Única: Casa Duplex com 3 Quartos e Área Gourmet no Ipiranga, Guarapari-ES!",https://es.olx.com.br/norte-do-espirito-santo/imoveis/oportunidade-unica-casa-duplex-com-3-quartos-e-area-gourmet-no-ipiranga-guarapari-es-1403179567,Casas,Venda - casa em rua pública,casa,2025-05-13T06:01:46,2026-07-06T23:10:46,850000,25,34000.0,Guarapari,Ipiranga,casa,casa_rua_publica,3,5,2,20,419,False,True,True,False,False,False,False,False,True,False
preco_m2_suspeito,1502671680,CASA - 4 dormitórios - OLARIA - GUARAPARI,https://es.olx.com.br/norte-do-espirito-santo/imoveis/casa-4-dormitorios-olaria-guarapari-1502671680,Casas,Venda - casa em rua pública,casa,2026-05-16T20:15:49,2026-07-06T23:07:32,1306499,12,108874.92,Guarapari,Ipiranga,casa,casa_rua_publica,4,4,2,20,51,False,False,False,False,False,False,False,False,True,True
preco_m2_suspeito,1476717452,CASA - 4 dormitórios - ITAPEBUSSU - Guarapari,https://es.olx.com.br/norte-do-espirito-santo/imoveis/casa-4-dormitorios-itapebussu-guarapari-1476717452,Casas,Venda - casa em rua pública,casa,2026-02-10T15:25:58,2026-07-06T23:08:10,2560000,12,213333.33,Guarapari,Itapebussu,casa,casa_rua_publica,4,2,,20,146,False,False,False,False,False,False,False,False,True,True
preco_m2_suspeito,1515801708,Imóvel para venda tem 11 metros quadrados com 3 quartos em Jardim Boa Vista - Guarapari -,https://es.olx.com.br/norte-do-espirito-santo/imoveis/imovel-para-venda-tem-11-metros-quadrados-com-3-quartos-em-jardim-boa-vista-guarapari-1515801708,Casas,Venda - casa em rua pública,casa,2026-07-05T23:57:21,2026-07-06T23:05:33,750000,11,68181.82,Guarapari,Jardim Boa Vista,casa,casa_rua_publica,3,4,2,20,0,False,False,False,False,False,False,False,False,True,True
preco_m2_suspeito,1515567472,Imóvel para venda possui 11 metros quadrados com 3 quartos em Jardim Boa Vista - Guarapari,https://es.olx.com.br/norte-do-espirito-santo/imoveis/imovel-para-venda-possui-11-metros-quadrados-com-3-quartos-em-jardim-boa-vista-guarapari-1515567472,Casas,Venda - casa em rua pública,casa,2026-07-04T14:46:23,2026-07-06T23:05:50,750000,11,68181.82,Guarapari,Jardim Boa Vista,casa,casa_rua_publica,3,4,2,20,2,False,False,False,False,False,False,False,False,True,True
preco_m2_suspeito,1515951577,Imóvel para venda com 11 metros quadrados com 3 quartos em Jardim Boa Vista - Guarapari -,https://es.olx.com.br/norte-do-espirito-santo/imoveis/imovel-para-venda-com-11-metros-quadrados-com-3-quartos-em-jardim-boa-vista-guarapari-1515951577,Casas,Venda - casa em rua pública,casa,2026-07-06T15:01:29,2026-07-06T23:05:33,950000,11,86363.64,Guarapari,Jardim Boa Vista,casa,casa_rua_publica,3,5,1,3,0,False,False,False,False,False,False,False,False,True,True
preco_m2_suspeito,1515633905,Imóvel para venda possui 11 metros quadrados com 3 quartos em Jardim Boa Vista - Guarapari,https://es.olx.com.br/norte-do-espirito-santo/imoveis/imovel-para-venda-possui-11-metros-quadrados-com-3-quartos-em-jardim-boa-vista-guarapari-1515633905,Casas,Venda - casa em rua pública,casa,2026-07-04T21:40:23,2026-07-06T23:05:50,950000,11,86363.64,Guarapari,Jardim Boa Vista,casa,casa_rua_publica,3,5,1,3,2,False,False,False,False,False,False,False,False,True,True
preco_m2_suspeito,1392255780,"Oportunidade - Casa para Venda em Guarapari-ES, Bairro Jardim Boa Vista: 3 Quartos, 1 Suít",https://es.olx.com.br/norte-do-espirito-santo/imoveis/oportunidade-casa-para-venda-em-guarapari-es-bairro-jardim-boa-vista-3-quartos-1-suit-1392255780,Casas,Venda - casa em rua pública,casa,2025-04-03T02:45:03,2026-07-06T23:10:46,990000,30,33000.0,Guarapari,Jardim Boa Vista,casa,casa_rua_publica,3,4,2,19,459,False,False,False,False,False,False,False,False,True,False
preco_m2_suspeito,1485394036,"Imponente Mansão de Luxo à Venda em Guarapari-ES, Bairro Jardim Boa Vista: 4 Suítes, Área",https://es.olx.com.br/norte-do-espirito-santo/imoveis/imponente-mansao-de-luxo-a-venda-em-guarapari-es-bairro-jardim-boa-vista-4-suites-area-1485394036,Casas,Venda - casa em rua pública,casa,2026-03-13T01:46:30,2026-07-06T23:08:00,2390000,35,68285.71,Guarapari,Jardim Boa Vista,casa,casa_rua_publica,4,5,4,20,115,True,True,True,False,False,False,False,False,True,True
preco_m2_suspeito,1375051560,"Imperdível oportunidade de adquirir casa duplex na Praia do Morro, Guarapari-ES, com 3 qua",https://es.olx.com.br/norte-do-espirito-santo/imoveis/imperdivel-oportunidade-de-adquirir-casa-duplex-na-praia-do-morro-guarapari-es-com-3-qua-1375051560,Casas,Venda - casa em rua pública,casa,2025-02-01T01:34:31,2026-07-06T23:10:59,1600000,25,64000.0,Guarapari,Praia do Morro,casa,casa_rua_publica,3,4,3,20,520,False,True,True,False,False,False,False,False,True,True
preco_m2_suspeito,1325813725,Casa a venda na Praia do Morro em Guarapari - Excelente opção para quem uma casa em um ter,https://es.olx.com.br/norte-do-espirito-santo/imoveis/casa-a-venda-na-praia-do-morro-em-guarapari-excelente-opcao-para-quem-uma-casa-em-um-ter-1325813725,Casas,Venda - casa em rua pública,casa,2024-08-02T11:16:23,2026-07-06T23:11:12,1890000,20,94500.0,Guarapari,Praia do Morro,casa,casa_rua_publica,4,2,3,20,703,False,True,True,False,False,False,False,False,True,True
preco_m2_suspeito,1445028013,CASA - 5 dormitórios - PRAIA DO MORRO - Guarapari,https://es.olx.com.br/norte-do-espirito-santo/imoveis/casa-5-dormitorios-praia-do-morro-guarapari-1445028013,Casas,Venda - casa em rua pública,casa,2025-10-14T20:57:26,2026-07-06T23:09:25,15010000,500,30020.0,Guarapari,Praia do Morro,casa,casa_rua_publica,5,3,5,20,265,False,True,True,False,True,False,False,False,True,False
preco_m2_suspeito,1411074066,"Casa em Condomínio à venda, 6 quartos, 4 suítes, 3 vagas, Praia do Morro - Guarapari/ES",https://es.olx.com.br/norte-do-espirito-santo/imoveis/casa-em-condominio-a-venda-6-quartos-4-suites-3-vagas-praia-do-morro-guarapari-es-1411074066,Casas,Venda - casa em condominio fechado,casa,2025-12-08T15:03:40,2026-07-06T23:08:42,18000000,550,32727.27,Guarapari,Praia do Morro,casa,casa_condominio,5,5,3,20,210,True,True,True,False,False,False,False,False,True,False
preco_m2_suspeito,1508851302,CASA CONDOMINIO BOULEVARD MAR DULÉ-GUARAPARI-ES,https://es.olx.com.br/norte-do-espirito-santo/imoveis/casa-condominio-boulevard-mar-dule-guarapari-es-1508851302,Casas,Venda - casa em condominio fechado,casa,2026-06-08T17:58:04,2026-07-06T23:06:56,2500000,20,125000.0,Guarapari,Recanto da Sereia,casa,casa_condominio,3,3,4,20,28,False,True,True,True,False,False,False,False,True,True
preco_m2_suspeito,1445021132,CASA - 4 dormitórios - SÃO JUDAS TADEU - Guarapari,https://es.olx.com.br/norte-do-espirito-santo/imoveis/casa-4-dormitorios-sao-judas-tadeu-guarapari-1445021132,Casas,Venda - casa em rua pública,casa,2025-10-14T20:27:55,2026-07-06T23:09:43,16010000,300,53366.67,Guarapari,São Judas Tadeu,casa,casa_rua_publica,4,4,5,20,265,False,True,True,False,False,False,False,False,True,True
preco_m2_suspeito,1444543484,"LOTES ESCRITURAS INCLUÍDA, VILLAGE - GUARAPARI | ENTRADA DE R$ 20 MIL, INVESTIMENTO, TROCO",https://es.olx.com.br/norte-do-espirito-santo/imoveis/lotes-escrituras-incluida-village-guarapari-entrada-de-r-20-mil-investimento-troco-1444543484,Casas,Venda - casa em rua pública,casa,2026-06-14T07:51:53,2026-07-06T23:06:42,75000,300,250.0,Guarapari,Village do Sol,casa,casa_rua_publica,0,0,0,19,22,False,True,True,False,True,False,False,False,True,True
preco_m2_suspeito,1447747608,GL-Casa 2 Quartos  Linear à Venda - Balneário de Carapebus,https://es.olx.com.br/norte-do-espirito-santo/imoveis/gl-casa-2-quartos-linear-a-venda-balneario-de-carapebus-1447747608,Apartamentos,Venda - apartamento padrão,apartamento,2026-07-02T12:30:50,2026-07-06T22:56:08,580000,400,1450.0,Serra,Balneário de Carapebus,apartamento,apartamento_padrao,2,1,5,20,4,False,False,True,False,False,False,False,False,True,False
preco_m2_suspeito,1516058477,Excelente oportunidade para conquistar seu apartamento novo!,https://es.olx.com.br/norte-do-espirito-santo/imoveis/excelente-oportunidade-para-conquistar-seu-apartamento-novo-1516058477,Apartamentos,Venda - apartamento padrão,apartamento,2026-07-06T22:04:20,2026-07-06T22:51:23,90000,102,882.35,Serra,Jardim Limoeiro,apartamento,apartamento_padrao,2,2,1,14,0,False,True,True,True,False,True,False,False,True,True
preco_m2_suspeito,1386130868,LV APARTAMENTO EM JARDIM LIMOEIRO,https://es.olx.com.br/norte-do-espirito-santo/imoveis/lv-apartamento-em-jardim-limoeiro-1386130868,Apartamentos,Venda - apartamento padrão,apartamento,2026-06-26T15:08:06,2026-07-06T22:59:40,200000,220,909.09,Serra,Jardim Limoeiro,apartamento,apartamento_padrao,2,1,2,10,10,False,True,False,True,True,True,False,False,True,True
preco_m2_suspeito,1515710606,Vendo ou passo direitos apartamento parque viva mare,https://es.olx.com.br/norte-do-espirito-santo/imoveis/vendo-ou-passo-direitos-apartamento-parque-viva-mare-1515710606,Apartamentos,Venda - apartamento padrão,apartamento,2026-07-05T12:37:44,2026-07-06T22:53:46,60000,48,1250.0,Serra,Ourimar,apartamento,apartamento_padrao,2,1,1,8,1,False,True,False,True,False,False,False,False,True,False
preco_m2_suspeito,1513339071,Imóvel para venda com 622 metros quadrados com 2 quartos em Valparaíso - Serra - ES,https://es.olx.com.br/norte-do-espirito-santo/imoveis/imovel-para-venda-com-622-metros-quadrados-com-2-quartos-em-valparaiso-serra-es-1513339071,Apartamentos,Venda - apartamento padrão,apartamento,2026-06-25T18:28:36,2026-07-06T23:00:00,570000,622,916.4,Serra,Valparaíso,apartamento,apartamento_padrao,2,2,1,20,11,False,False,False,False,False,False,False,False,True,True
preco_m2_suspeito,1512472413,CASA EM BALNEÁRIO CARAPEBUS,https://es.olx.com.br/norte-do-espirito-santo/imoveis/casa-em-balneario-carapebus-1512472413,Casas,Venda - casa em rua pública,casa,2026-06-22T14:47:15,2026-07-06T22:51:06,65000,164,396.34,Serra,Balneário de Carapebus,casa,casa_rua_publica,2,1,2,12,14,False,False,False,False,False,False,False,False,True,True
preco_m2_suspeito,1455548834,JA Vendo casa em Barro Branco,https://es.olx.com.br/norte-do-espirito-santo/imoveis/ja-vendo-casa-em-barro-branco-1455548834,Casas,Venda - casa em rua pública,casa,2026-06-26T15:05:44,2026-07-06T22:47:49,120000,209,574.16,Serra,Barro Branco,casa,casa_rua_publica,2,1,1,7,10,False,False,True,False,False,False,False,False,True,True
preco_m2_suspeito,1495480690,*Vendo casa em Cidade Continental,https://es.olx.com.br/norte-do-espirito-santo/imoveis/vendo-casa-em-cidade-continental-1495480690,Casas,Venda - casa em rua pública,casa,2026-06-27T09:08:50,2026-07-06T22:47:31,160000,300,533.33,Serra,Cidade Continental,casa,casa_rua_publica,3,2,2,10,9,False,False,True,False,False,False,False,False,True,True
preco_m2_suspeito,1496616457,VT Casa a venda em CIDADE CONTINENTAL,https://es.olx.com.br/norte-do-espirito-santo/imoveis/vt-casa-a-venda-em-cidade-continental-1496616457,Casas,Venda - casa em rua pública,casa,2026-06-25T10:31:58,2026-07-06T22:49:46,200000,300,666.67,Serra,Cidade Continental,casa,casa_rua_publica,2,1,1,10,11,False,False,False,False,False,False,False,False,True,True
preco_m2_suspeito,1513239228,LC Vendo parcelado com entrada,https://es.olx.com.br/norte-do-espirito-santo/imoveis/lc-vendo-parcelado-com-entrada-1513239228,Casas,Venda - casa em rua pública,casa,2026-06-25T12:02:11,2026-07-06T22:49:28,80000,180,444.44,Serra,Cidade Pomar,casa,casa_rua_publica,2,1,2,12,11,False,False,False,False,False,False,False,False,True,True
preco_m2_suspeito,1512481740,Vendo chácara,https://es.olx.com.br/norte-do-espirito-santo/imoveis/vendo-chacara-1512481740,Casas,Venda - casa em rua pública,casa,2026-06-22T15:14:38,2026-07-06T22:50:53,350000,1000,350.0,Serra,Cidade Pomar,casa,casa_rua_publica,2,1,3,12,14,False,False,True,False,False,False,False,False,True,True
preco_m2_suspeito,1513031380,LC Negocío casa no bairro Costa Dourada,https://es.olx.com.br/norte-do-espirito-santo/imoveis/lc-negocio-casa-no-bairro-costa-dourada-1513031380,Casas,Venda - casa em rua pública,casa,2026-06-24T15:12:12,2026-07-06T22:49:59,80000,180,444.44,Serra,Costa Dourada,casa,casa_rua_publica,2,1,,4,12,False,False,False,False,False,False,False,False,True,True
preco_m2_suspeito,1513033766,NP casa a venda em costa dourada,https://es.olx.com.br/norte-do-espirito-santo/imoveis/np-casa-a-venda-em-costa-dourada-1513033766,Casas,Venda - casa em rua pública,casa,2026-06-24T15:21:03,2026-07-06T22:49:59,135000,200,675.0,Serra,Costa Dourada,casa,casa_rua_publica,1,1,1,7,12,False,False,False,False,False,False,False,False,True,True
preco_m2_suspeito,1490587343,Vendo casa na Diamantina - Serra es,https://es.olx.com.br/norte-do-espirito-santo/imoveis/vendo-casa-na-diamantina-serra-es-1490587343,Casas,Venda - casa em rua pública,casa,2026-06-26T15:09:51,2026-07-06T22:47:49,130000,190,684.21,Serra,Diamantina,casa,casa_rua_publica,2,1,1,6,10,False,False,False,False,False,False,False,False,True,True
preco_m2_suspeito,1512053404,Vendo casa Divinópolis Serra ES,https://es.olx.com.br/norte-do-espirito-santo/imoveis/vendo-casa-divinopolis-serra-es-1512053404,Casas,Venda - casa em rua pública,casa,2026-06-20T14:36:23,2026-07-06T22:51:06,120000,300,400.0,Serra,Divinópolis,casa,casa_rua_publica,3,1,1,16,16,False,False,True,False,False,False,False,False,True,True
preco_m2_suspeito,1512459333,CASA EM ELDORADO,https://es.olx.com.br/norte-do-espirito-santo/imoveis/casa-em-eldorado-1512459333,Casas,Venda - casa em rua pública,casa,2026-06-25T21:34:33,2026-07-06T22:48:54,90000,242,371.9,Serra,Eldorado,casa,casa_rua_publica,4,2,2,20,11,False,False,False,False,False,False,False,False,True,True
preco_m2_suspeito,1512048548,Vendo casa  75 mil de entrada,https://es.olx.com.br/norte-do-espirito-santo/imoveis/vendo-casa-75-mil-de-entrada-1512048548,Casas,Venda - casa em rua pública,casa,2026-06-20T14:16:29,2026-07-06T22:51:06,120000,200,600.0,Serra,Eldorado,casa,casa_rua_publica,2,1,0,20,16,False,False,True,False,False,False,False,False,True,True
preco_m2_suspeito,1513027624,LC Passo casa em contrição - Eurico Salles,https://es.olx.com.br/norte-do-espirito-santo/imoveis/lc-passo-casa-em-contricao-eurico-salles-1513027624,Casas,Venda - casa em rua pública,casa,2026-06-24T14:55:35,2026-07-06T22:49:59,96000,180,533.33,Serra,Eurico Salles,casa,casa_rua_publica,2,1,2,9,12,False,False,False,False,False,False,False,False,True,True
preco_m2_suspeito,1499848194,*Vendo casa em Feu rosa,https://es.olx.com.br/norte-do-espirito-santo/imoveis/vendo-casa-em-feu-rosa-1499848194,Casas,Venda - casa em rua pública,casa,2026-07-06T17:59:33,2026-07-06T22:41:10,90000,160,562.5,Serra,Feu Rosa,casa,casa_rua_publica,2,0,2,6,0,False,False,True,False,False,False,False,False,True,True
preco_m2_suspeito,1496113969,*Vendo casa em Feu rosa arrumadinha,https://es.olx.com.br/norte-do-espirito-santo/imoveis/vendo-casa-em-feu-rosa-arrumadinha-1496113969,Casas,Venda - casa em rua pública,casa,2026-06-27T09:08:05,2026-07-06T22:47:31,100000,200,500.0,Serra,Feu Rosa,casa,casa_rua_publica,2,1,2,9,9,False,False,True,False,False,False,False,False,True,True
preco_m2_suspeito,1496344248,*Vendo casa em Feu Rosa,https://es.olx.com.br/norte-do-espirito-santo/imoveis/vendo-casa-em-feu-rosa-1496344248,Casas,Venda - casa em rua pública,casa,2026-06-27T09:07:30,2026-07-06T22:47:31,100000,180,555.56,Serra,Feu Rosa,casa,casa_rua_publica,2,1,2,7,9,False,False,False,False,False,False,False,False,True,True
preco_m2_suspeito,1477085672,LV Vendo casa em Feu rosa,https://es.olx.com.br/norte-do-espirito-santo/imoveis/lv-vendo-casa-em-feu-rosa-1477085672,Casas,Venda - casa em rua pública,casa,2026-06-30T14:06:07,2026-07-06T22:46:28,110000,190,578.95,Serra,Feu Rosa,casa,casa_rua_publica,2,1,1,8,6,False,False,True,False,False,False,False,False,True,True
preco_m2_suspeito,1495209364,*Casa em Feu Rosa a venda,https://es.olx.com.br/norte-do-espirito-santo/imoveis/casa-em-feu-rosa-a-venda-1495209364,Casas,Venda - casa em rua pública,casa,2026-06-27T09:09:19,2026-07-06T22:47:31,120000,220,545.45,Serra,Feu Rosa,casa,casa_rua_publica,2,1,2,5,9,False,False,True,False,False,False,False,False,True,True
preco_m2_suspeito,1472409163,JA Vendo casa em Feu Rosa - Serra és,https://es.olx.com.br/norte-do-espirito-santo/imoveis/ja-vendo-casa-em-feu-rosa-serra-es-1472409163,Casas,Venda - casa em rua pública,casa,2026-06-26T14:45:39,2026-07-06T22:48:23,140000,210,666.67,Serra,Feu Rosa,casa,casa_rua_publica,2,1,1,9,10,False,False,True,False,False,False,False,False,True,True
preco_m2_suspeito,1451944015,Casa à venda em Jacaraípe - Serra/ES,https://es.olx.com.br/norte-do-espirito-santo/imoveis/casa-a-venda-em-jacaraipe-serra-es-1451944015,Casas,Venda - casa em rua pública,casa,2026-07-05T06:58:09,2026-07-06T22:43:30,1600000,50,32000.0,Serra,Jardim Atlântico,casa,casa_rua_publica,1,1,1,3,1,False,False,False,False,False,False,False,False,True,False
preco_m2_suspeito,1496617864,*Casa em Jardim Carapina,https://es.olx.com.br/norte-do-espirito-santo/imoveis/casa-em-jardim-carapina-1496617864,Casas,Venda - casa em rua pública,casa,2026-06-25T14:38:03,2026-07-06T22:49:08,130000,220,590.91,Serra,Jardim Carapina,casa,casa_rua_publica,3,2,2,9,11,False,False,True,False,False,False,False,False,True,True
preco_m2_suspeito,1461010122,Lv vendo casa em Jardim Tropical,https://es.olx.com.br/norte-do-espirito-santo/imoveis/lv-vendo-casa-em-jardim-tropical-1461010122,Casas,Venda - casa em rua pública,casa,2026-06-30T14:01:03,2026-07-06T22:46:47,130000,200,650.0,Serra,Jardim Tropical,casa,casa_rua_publica,2,1,4,7,6,False,False,False,False,False,False,False,False,True,True
preco_m2_suspeito,1474830752,JA Vendo casa em Jardim Tropical - Serra,https://es.olx.com.br/norte-do-espirito-santo/imoveis/ja-vendo-casa-em-jardim-tropical-serra-1474830752,Casas,Venda - casa em rua pública,casa,2026-06-26T14:52:38,2026-07-06T22:48:23,150000,230,652.17,Serra,Jardim Tropical,casa,casa_rua_publica,2,1,1,11,10,False,False,True,False,False,False,False,False,True,True
preco_m2_suspeito,1456955978,Lv* vende-se esta casa,https://es.olx.com.br/norte-do-espirito-santo/imoveis/lv-vende-se-esta-casa-1456955978,Casas,Venda - casa em rua pública,casa,2026-06-26T15:04:25,2026-07-06T22:47:49,120000,175,685.71,Serra,Lagoa de Carapebus,casa,casa_rua_publica,2,1,4,8,10,False,False,False,False,False,False,False,False,True,True
preco_m2_suspeito,1495481720,*Casa em Lagoa de Jacaraípe a venda,https://es.olx.com.br/norte-do-espirito-santo/imoveis/casa-em-lagoa-de-jacaraipe-a-venda-1495481720,Casas,Venda - casa em rua pública,casa,2026-06-27T09:08:55,2026-07-06T22:47:31,90000,160,562.5,Serra,Lagoa de Jacaraípe,casa,casa_rua_publica,2,1,2,9,9,False,False,True,False,False,False,False,False,True,True
preco_m2_suspeito,1515137685,Uma kitnet com um terraço com 200 metro,https://es.olx.com.br/norte-do-espirito-santo/imoveis/uma-kitnet-com-um-terraco-com-200-metro-1515137685,Casas,Venda - casa em rua pública,casa,2026-07-02T21:19:10,2026-07-06T22:45:22,100000,200,500.0,Serra,Lagoa de Jacaraípe,casa,casa_rua_publica,1,1,0,6,4,False,False,False,False,False,False,False,False,True,True
preco_m2_suspeito,1514382712,"casa em lagoa jacaraipe 2 quartos, sala, cozinha,banheiro, quintal, Venda e troca.",https://es.olx.com.br/norte-do-espirito-santo/imoveis/casa-em-lagoa-jacaraipe-2-quartos-sala-cozinha-banheiro-quintal-venda-e-troca-1514382712,Casas,Venda - casa em rua pública,casa,2026-06-30T14:06:09,2026-07-06T22:46:28,150000,300,500.0,Serra,Lagoa de Jacaraípe,casa,casa_rua_publica,2,1,2,17,6,False,False,True,False,False,False,False,False,True,True
preco_m2_suspeito,1497282679,*Negocio casa em Campinho da serra,https://es.olx.com.br/norte-do-espirito-santo/imoveis/negocio-casa-em-campinho-da-serra-1497282679,Casas,Venda - casa em rua pública,casa,2026-06-27T09:07:08,2026-07-06T22:47:31,87000,160,543.75,Serra,Manguinhos,casa,casa_rua_publica,2,1,2,9,9,False,False,False,False,False,False,False,False,True,True
preco_m2_suspeito,1495481899,*Casa em Carapina a venda,https://es.olx.com.br/norte-do-espirito-santo/imoveis/casa-em-carapina-a-venda-1495481899,Casas,Venda - casa em rua pública,casa,2026-06-27T09:08:45,2026-07-06T22:47:31,110000,180,611.11,Serra,Manguinhos,casa,casa_rua_publica,2,1,1,10,9,False,False,True,False,False,False,False,False,True,True
preco_m2_suspeito,1497284826,*Negocio casa em Residencial de Jacaraípe,https://es.olx.com.br/norte-do-espirito-santo/imoveis/negocio-casa-em-residencial-de-jacaraipe-1497284826,Casas,Venda - casa em rua pública,casa,2026-06-27T09:06:54,2026-07-06T22:47:31,140000,220,636.36,Serra,Manguinhos,casa,casa_rua_publica,3,2,2,8,9,False,False,False,False,False,False,False,False,True,True
preco_m2_suspeito,1512661018,"Casa Triplex Geminada Reserva da Morada, Serra ES",https://es.olx.com.br/norte-do-espirito-santo/imoveis/casa-triplex-geminada-reserva-da-morada-serra-es-1512661018,Casas,Venda - casa em rua pública,casa,2026-06-23T08:08:34,2026-07-06T22:50:53,1600000,10,160000.0,Serra,Morada de Laranjeiras,casa,casa_rua_publica,3,3,0,17,13,False,False,False,False,False,False,False,False,True,True
preco_m2_suspeito,1497281924,*Casa em Nova Almeida à Venda,https://es.olx.com.br/norte-do-espirito-santo/imoveis/casa-em-nova-almeida-a-venda-1497281924,Casas,Venda - casa em rua pública,casa,2026-06-27T09:07:13,2026-07-06T22:47:31,90000,220,409.09,Serra,Nova Almeida,casa,casa_rua_publica,2,1,2,5,9,False,False,True,False,False,False,False,False,True,True
preco_m2_suspeito,1495211817,*Vendo casa em Nova Almeida,https://es.olx.com.br/norte-do-espirito-santo/imoveis/vendo-casa-em-nova-almeida-1495211817,Casas,Venda - casa em rua pública,casa,2026-06-27T09:09:54,2026-07-06T22:47:31,120000,200,600.0,Serra,Nova Almeida,casa,casa_rua_publica,3,2,2,8,9,False,False,True,False,False,False,False,False,True,True
preco_m2_suspeito,1512457592,CASA EM NOVO HORIZONTE,https://es.olx.com.br/norte-do-espirito-santo/imoveis/casa-em-novo-horizonte-1512457592,Casas,Venda - casa em rua pública,casa,2026-06-22T13:47:15,2026-07-06T22:51:06,70000,206,339.81,Serra,Novo Horizonte,casa,casa_rua_publica,2,1,2,8,14,False,False,False,False,False,False,False,False,True,True
preco_m2_suspeito,1495214033,*Negocio casa em Novo Horizonte,https://es.olx.com.br/norte-do-espirito-santo/imoveis/negocio-casa-em-novo-horizonte-1495214033,Casas,Venda - casa em rua pública,casa,2026-06-27T09:09:35,2026-07-06T22:47:31,130000,200,650.0,Serra,Novo Horizonte,casa,casa_rua_publica,2,1,2,6,9,False,False,True,False,True,False,False,False,True,True
preco_m2_suspeito,1499613219,*Casa em Jacaraípe simples a venda,https://es.olx.com.br/norte-do-espirito-santo/imoveis/casa-em-jacaraipe-simples-a-venda-1499613219,Casas,Venda - casa em rua pública,casa,2026-07-06T18:02:45,2026-07-06T22:41:10,90000,200,450.0,Serra,Ourimar,casa,casa_rua_publica,2,1,2,5,0,False,False,True,False,False,False,False,False,True,True
preco_m2_suspeito,1495477394,*Vendo casa em Jacaraípe,https://es.olx.com.br/norte-do-espirito-santo/imoveis/vendo-casa-em-jacaraipe-1495477394,Casas,Venda - casa em rua pública,casa,2026-06-27T09:09:01,2026-07-06T22:47:31,110000,210,523.81,Serra,Ourimar,casa,casa_rua_publica,2,1,2,4,9,False,False,True,False,False,False,False,False,True,True
preco_m2_suspeito,1496622199,*Casa em Jacaraípe a Venda,https://es.olx.com.br/norte-do-espirito-santo/imoveis/casa-em-jacaraipe-a-venda-1496622199,Casas,Venda - casa em rua pública,casa,2026-06-25T14:16:39,2026-07-06T22:49:08,120000,200,600.0,Serra,Ourimar,casa,casa_rua_publica,2,1,2,10,11,False,False,False,True,False,False,False,False,True,True
preco_m2_suspeito,1496610980,*Negocio Casa em Jacaraípe,https://es.olx.com.br/norte-do-espirito-santo/imoveis/negocio-casa-em-jacaraipe-1496610980,Casas,Venda - casa em rua pública,casa,2026-06-25T14:16:20,2026-07-06T22:49:08,120000,200,600.0,Serra,Ourimar,casa,casa_rua_publica,3,2,2,9,11,False,False,False,False,False,False,False,False,True,True
preco_m2_suspeito,1512484601,"JS PASSO CASA EM TAQUARA ,COM URGÊNCIA!",https://es.olx.com.br/norte-do-espirito-santo/imoveis/js-passo-casa-em-taquara-com-urgencia-1512484601,Casas,Venda - casa em rua pública,casa,2026-06-22T15:21:30,2026-07-06T22:50:53,90000,165,545.45,Serra,Parque Residencial Laranjeiras,casa,casa_rua_publica,2,1,1,9,14,False,True,True,False,False,False,False,False,True,True
preco_m2_suspeito,1495213268,*Casa a venda em Laranjeiras,https://es.olx.com.br/norte-do-espirito-santo/imoveis/casa-a-venda-em-laranjeiras-1495213268,Casas,Venda - casa em rua pública,casa,2026-06-27T09:09:41,2026-07-06T22:47:31,180000,260,692.31,Serra,Parque Residencial Laranjeiras,casa,casa_rua_publica,3,2,2,9,9,False,False,False,False,False,False,False,False,True,True
preco_m2_suspeito,1496121127,*Vendo casa em Planalto Serrano,https://es.olx.com.br/norte-do-espirito-santo/imoveis/vendo-casa-em-planalto-serrano-1496121127,Casas,Venda - casa em rua pública,casa,2026-06-27T09:07:46,2026-07-06T22:47:31,110000,180,611.11,Serra,Planalto Serrano,casa,casa_rua_publica,3,2,2,9,9,False,False,True,False,False,False,False,False,True,True
preco_m2_suspeito,1477288290,AC vendo essa casa em planalto Serrano bloco A,https://es.olx.com.br/norte-do-espirito-santo/imoveis/ac-vendo-essa-casa-em-planalto-serrano-bloco-a-1477288290,Casas,Venda - casa em rua pública,casa,2026-06-30T14:00:02,2026-07-06T22:46:47,120000,180,666.67,Serra,Planalto Serrano,casa,casa_rua_publica,2,1,1,8,6,False,False,False,False,False,False,False,False,True,True
preco_m2_suspeito,1512775160,NP casa á venda em porto dourado,https://es.olx.com.br/norte-do-espirito-santo/imoveis/np-casa-a-venda-em-porto-dourado-1512775160,Casas,Venda - casa em rua pública,casa,2026-06-23T15:25:00,2026-07-06T22:50:27,100000,200,500.0,Serra,Porto Dourado,casa,casa_rua_publica,2,1,1,7,13,False,False,False,False,False,False,False,False,True,True
preco_m2_suspeito,1515706343,Terreno em praia de Capuba Jacaraipe,https://es.olx.com.br/norte-do-espirito-santo/imoveis/terreno-em-praia-de-capuba-jacaraipe-1515706343,Casas,Venda - casa em rua pública,casa,2026-07-05T12:17:15,2026-07-06T22:43:17,150000,360,416.67,Serra,Praia de Capuba,casa,casa_rua_publica,0,0,0,3,1,False,False,False,False,False,False,False,False,True,True
preco_m2_suspeito,1496347858,*Casa Simples a Venda na Serra,https://es.olx.com.br/norte-do-espirito-santo/imoveis/casa-simples-a-venda-na-serra-1496347858,Casas,Venda - casa em rua pública,casa,2026-06-25T16:26:33,2026-07-06T22:48:54,130000,200,650.0,Serra,Residencial Centro da Serra,casa,casa_rua_publica,3,2,2,8,11,False,False,False,False,False,False,False,False,True,True
preco_m2_suspeito,1514107149,Vendo Casa em Santo Antônio Na Serra,https://es.olx.com.br/norte-do-espirito-santo/imoveis/vendo-casa-em-santo-antonio-na-serra-1514107149,Casas,Venda - casa em rua pública,casa,2026-06-29T10:12:07,2026-07-06T22:47:01,115000,200,575.0,Serra,Santo Antônio,casa,casa_rua_publica,2,1,1,7,7,False,False,True,False,False,False,False,False,True,True
preco_m2_suspeito,1513239517,Ca Vendo casa,https://es.olx.com.br/norte-do-espirito-santo/imoveis/ca-vendo-casa-1513239517,Casas,Venda - casa em rua pública,casa,2026-06-25T12:03:40,2026-07-06T22:49:28,90000,200,450.0,Serra,Serra Dourada I,casa,casa_rua_publica,2,2,1,8,11,False,False,False,False,False,False,False,False,True,True
preco_m2_suspeito,1474826663,JA Vendo casa em São Marcos - Serra,https://es.olx.com.br/norte-do-espirito-santo/imoveis/ja-vendo-casa-em-sao-marcos-serra-1474826663,Casas,Venda - casa em rua pública,casa,2026-06-26T14:45:09,2026-07-06T22:48:39,120000,220,545.45,Serra,São Marcos I,casa,casa_rua_publica,2,1,1,11,10,False,False,True,False,False,False,False,False,True,True
preco_m2_suspeito,1453339105,LV* Vendo essa casa em jacaraipe,https://es.olx.com.br/norte-do-espirito-santo/imoveis/lv-vendo-essa-casa-em-jacaraipe-1453339105,Casas,Venda - casa em rua pública,casa,2026-06-26T14:47:51,2026-07-06T22:48:23,180000,420,428.57,Serra,São Patrício,casa,casa_rua_publica,2,1,4,13,10,False,False,False,False,False,False,False,False,True,True
preco_m2_suspeito,1454966054,Lb Vendo essa casa em jardim limoeiro,https://es.olx.com.br/norte-do-espirito-santo/imoveis/lb-vendo-essa-casa-em-jardim-limoeiro-1454966054,Casas,Venda - casa em rua pública,casa,2026-06-26T14:46:59,2026-07-06T22:48:23,200000,290,689.66,Serra,Valparaíso,casa,casa_rua_publica,3,1,2,14,10,False,False,False,False,False,False,False,False,True,True
preco_m2_suspeito,1512771239,LC Negocio com entrada em Vista da Serra.,https://es.olx.com.br/norte-do-espirito-santo/imoveis/lc-negocio-com-entrada-em-vista-da-serra-1512771239,Casas,Venda - casa em rua pública,casa,2026-06-23T15:11:28,2026-07-06T22:50:27,98000,180,544.44,Serra,Vista da Serra I,casa,casa_rua_publica,2,1,2,10,13,False,False,False,False,False,False,False,False,True,True
preco_m2_suspeito,1476417794,OPORTUNIDADE EM AREINHA VIANA,https://es.olx.com.br/norte-do-espirito-santo/imoveis/oportunidade-em-areinha-viana-1476417794,Casas,Venda - casa em rua pública,casa,2026-06-17T10:59:19,2026-07-06T22:18:12,95000,200,475.0,Viana,Areinha,casa,casa_rua_publica,2,1,2,5,19,False,False,True,False,False,False,False,False,True,True
preco_m2_suspeito,1514731016,VENDO CASA EM AREINHA VIANA,https://es.olx.com.br/norte-do-espirito-santo/imoveis/vendo-casa-em-areinha-viana-1514731016,Casas,Venda - casa em rua pública,casa,2026-07-01T16:21:55,2026-07-06T22:18:12,125000,180,694.44,Viana,Areinha,casa,casa_rua_publica,2,1,2,7,5,False,False,True,False,False,False,False,False,True,True
preco_m2_suspeito,1502609748,CASA DOIS PAVIMENTOS / MARCILIO DE NORONHA,https://es.olx.com.br/norte-do-espirito-santo/imoveis/casa-dois-pavimentos-marcilio-de-noronha-1502609748,Casas,Venda - casa em rua pública,casa,2026-06-12T14:57:38,2026-07-06T22:18:49,152000,300,506.67,Viana,Industrial,casa,casa_rua_publica,5,2,1,12,24,False,False,True,False,False,False,False,False,True,True
preco_m2_suspeito,1508243274,Vendo .troco casa em ITAMARAJU BAHIA ... Cidade baixa travessa Carlos Gomes,https://es.olx.com.br/norte-do-espirito-santo/imoveis/vendo-troco-casa-em-itamaraju-bahia--cidade-baixa-travessa-carlos-gomes-1508243274,Casas,Venda - casa em rua pública,casa,2026-06-05T22:14:06,2026-07-06T22:19:04,90000,1000,90.0,Viana,Marcílio de Noronha,casa,casa_rua_publica,4,2,1,1,31,False,False,True,False,False,False,False,False,True,True
